Contract ID,Modification Number,Revised Project Start Date,Revised  Project End Date,Revised Obligation Start,Revised Obligation End Date
4310145,0,07/01/2017,06/30/2020,07/01/2017,06/30/2020
4310145,1,09/01/2017,08/31/2020,09/01/2017,08/31/2020
R4310006,0,07/01/2017,06/30/2020,07/01/2017,06/30/2020
R4310006,1,07/01/2017,06/30/2020,07/01/2017,06/30/2020
R4310089,0,07/01/2016,06/30/2019,07/01/2016,06/30/2019
R4310089,1,07/01/2016,06/30/2019,07/01/2016,06/30/2019
R4310090,0,08/01/2015,07/31/2018,08/01/2015,07/31/2018
R4310090,1,08/01/2015,07/31/2018,08/01/2015,07/31/2018
R4310134,0,09/01/2017,08/31/2020,09/01/2017,08/31/2020
R4310135,0,08/01/2016,07/31/2018,08/01/2016,07/31/2018
R4310144,0,07/01/2016,06/30/2018,07/01/2016,06/30/2018
R4310167,0,08/01/2015,07/31/2018,08/01/2015,07/31/2018
R4310231,0,08/01/2014,07/31/2017,08/01/2014,07/31/2017
R4310231,1,08/01/2014,07/31/2017,08/01/2014,07/31/2017
R4310238,0,09/01/2014,08/31/2017,09/01/2014,08/31/2017
R4310253,0,09/01/2016,08/31/2021,09/01/2016,08/31/2021
R4310253,1,09/01/2016,08/31/2021,09/01/2016,08/31/2021
R4310253,10,09/01/2016,08/31/2021,09/01/2016,08/31/2021
R4310253,11,09/01/2016,08/31/2021,09/01/2016,08/31/2021
R4310253,12,09/01/2016,08/31/2021,09/01/2016,08/31/2021
R4310253,13,09/01/2016,08/31/2021,09/01/2016,08/31/2021
R4310253,14,09/01/2016,08/31/2021,09/01/2016,08/31/2021
R4310253,15,09/01/2016,08/31/2021,09/01/2016,08/31/2021
R4310253,16,09/01/2016,08/31/2021,09/01/2016,08/31/2021
R4310253,17,09/01/2016,08/31/2021,09/01/2016,08/31/2021
R4310253,2,09/01/2016,08/31/2021,09/01/2016,08/31/2021
R4310253,3,09/01/2016,08/31/2021,09/01/2016,08/31/2021
R4310253,4,09/01/2016,08/31/2021,09/01/2016,08/31/2021
R4310253,5,09/01/2016,08/31/2021,09/01/2016,08/31/2021
R4310253,6,09/01/2016,08/31/2021,09/01/2016,08/31/2021
R4310253,7,09/01/2016,08/31/2021,09/01/2016,08/31/2021
R4310253,8,09/01/2016,08/31/2021,09/01/2016,08/31/2021
R4310253,9,09/01/2016,08/31/2021,09/01/2016,08/31/2021
R4590114,0,07/01/2017,06/30/2019,07/01/2017,06/30/2019
R4590116,0,06/01/2016,05/31/2019,06/01/2016,05/31/2019
R4590116,1,06/01/2016,05/31/2019,06/01/2016,05/31/2019
R4590117,0,07/01/2017,06/30/2019,07/01/2017,06/30/2019
R4590119,0,07/01/2017,06/30/2019,07/01/2017,06/30/2019
R4590128,0,07/01/2017,06/30/2019,07/01/2017,06/30/2019
R4590191,0,09/01/2015,08/31/2017,09/01/2015,08/31/2017
R4590238,0,10/01/2015,09/30/2017,10/01/2015,09/30/2017
S4620043,0,10/01/2016,09/30/2021,10/01/2016,09/30/2021
S4620043,1,10/01/2016,09/30/2021,10/01/2016,09/30/2021
S4620043,2,10/01/2016,09/30/2021,10/01/2016,09/30/2021
S4620043,3,10/01/2016,09/30/2021,10/01/2016,09/30/2021
S4620043,4,10/01/2016,09/30/2021,10/01/2016,09/30/2021
S4620043,5,10/01/2016,09/30/2021,10/01/2016,09/30/2021
S4620043,6,10/01/2016,09/30/2021,10/01/2016,09/30/2021
S4620043,7,10/01/2016,09/30/2021,10/01/2016,09/30/2021
S4620043,8,10/01/2016,09/30/2021,10/01/2016,09/30/2021
S4670042,0,09/01/2016,08/31/2021,09/01/2016,08/31/2021
S4670042,1,09/01/2016,08/31/2021,09/01/2016,08/31/2021
S4670042,10,09/01/2016,08/31/2021,09/01/2016,08/31/2021
S4670042,11,09/01/2016,08/31/2021,09/01/2016,08/31/2021
S4670042,2,09/01/2016,08/31/2021,09/01/2016,08/31/2021
S4670042,3,09/01/2016,08/31/2021,09/01/2016,08/31/2021
S4670042,4,09/01/2016,08/31/2021,09/01/2016,08/31/2021
S4670042,5,09/01/2016,08/31/2021,09/01/2016,08/31/2021
S4670042,6,09/01/2016,08/31/2021,09/01/2016,08/31/2021
S4670042,7,09/01/2016,08/31/2021,09/01/2016,08/31/2021
S4670042,8,09/01/2016,08/31/2021,09/01/2016,08/31/2021
S4670042,9,09/01/2016,08/31/2021,09/01/2016,08/31/2021