contract_id,mod_amend,Revised Project Start Date,Revised Obligation Beg for this Mod:
1004694,4,,12/13/10
1058603,0,,7/1/2016
1058603,1,,7/1/2016
1407551,3,,8/2/2010
1407551,6,,8/2/2010
1409634,5,,8/24/2010
1444300,1,,1/23/2012
1444300,2,,1/23/2012
1551332,1,,5/15/14
15SU1180,1,,10/5/15
161125,0,8/10/11,8/10/11
20120991,0,,5/30/2012
20120992,1,,5/30/2013
20131073,1,,1/3/2013
20131073,2,,1/3/2014
20160644,1,,8/9/2016
285136,1,,3/11/13
285136,3,,3/11/13
3121G010,3,,10/5/12
3121G010,4,,10/5/12
38346401,2,,11/10/2010
47144310,2,,10/1/13
504066,0,,4/5/2016
611C3003,10,,9/28/11
611C3003,11,,9/28/11
611C3003,12,,9/28/11
68G02723,2,,9/9/2011
68G02723,3,,9/9/2011
68G02723,4,,9/9/2011
95GNA084,1,,9/2/10
95GNA084,2,,9/2/10
95GNA084,3,,9/2/10
95GNA084,4,,9/2/10
C0006690,1,,9/1/11
C0006702,1,,9/15/11
C0006704,2,,9/15/11
C0006705,1,,9/15/2011
C0006746,2,,9/15/11
C0006768,2,,9/15/11
C0006780,2,,9/15/11
C1016034,2,,07/15/2011
CGD12458,1,,6/21/2012
CGD12458,2,,6/21/2012
CK000279,1,,9/1/2012
CK000279,2,,9/1/2012
E0006016,10,,2/1/13
E0006016,11,,2/1/13
E0968771,3,,06/15/2010
G04HZ08C,2,,6/1/2004
G04HZ08C,3,,6/1/2004
G04HZ08C,4,,6/1/2004
G04HZ08C,5,,6/1/2004
G04HZ08C,6,,6/1/2004
G04HZ08C,7,,6/1/2004
G04HZ08C,8,,6/1/2004
G04HZ08C,9,,6/1/2004
G04HZ08C,10,,6/1/2004
G04HZ08C,11,,6/1/2004
G04HZ08C,12,,6/1/2004
G04HZ08C,14,,6/1/2004
G04HZ08C,28,,6/1/2004
G04HZ08C,29,,6/1/2004
G04HZ08C,30,,6/1/2004
G04HZ08C,31,,6/1/2004
G04HZ08C,32,,6/1/2004
G04HZ08C,33,,6/1/2004
G04HZ08C,34,,6/1/2004
G04HZ08C,35,,6/1/2004
G04HZ08C,36,,6/1/2004
G04HZ08C,37,,6/1/2004
G04HZ08C,38,,6/1/2004
G04HZ08C,39,,6/1/2004
G04HZ08C,40,,6/1/2004
G04HZ08C,41,,6/1/2004
G04HZ08C,42,,6/1/2004
G04HZ08C,43,,6/1/2004
G04HZ08C,44,,6/1/2004
G04HZ08C,45,,6/1/2004
G04HZ26C,16,,6/1/2004
G04HZ26C,17,,6/1/2004
HAO12155,0,,2/15/2013
L0929725,5,,08/15/2010
M301K641,1,,2/6/11
R4310118,1,,9/1/2013
R4310118,2,,9/1/2013
R4310137,2,,9/1/13
R4310213,21,,9/1/2011
R4310213,22,,9/1/2011
RAL10495,0,,10/1/2010
RAL10495,2,,10/1/2010
RAL14309,1,,9/11/2014
RAL14309,2,,9/11/2014
RAL14309,3,,9/11/2014
RAL14309,4,,9/11/2014
RDOE5481,0,,9/30/11
RL131320,2,,5/29/2013
S0054778,1,2/3/1997,2/3/1997
S0054778,10,2/3/1997,2/3/1997
S1120459,1,,08/15/2011
S1120459,2,,08/15/2011
S1138784,4,,06/01/2012
S13C1421,7,,9/25/13
S13C1421,8,,9/25/13
S4400003,1,,8/1/2013
S4620014,7,,10/1/2011
S4620014,8,,10/1/2011
S4620014,9,,10/1/2011
S4620014,10,,10/1/2011
S4670001,1,,9/1/2009
S4670046,10,,9/1/2008
S4670046,11,,9/1/2008
S4670046,12,,9/1/2008
S4670046,13,,9/1/2008
S4670046,14,,9/1/2008
S4670046,15,,9/1/2008
S4670046,16,,9/1/2008
S4670046,17,,9/1/2008
UNI11367,2,,08/29/2011
X09AW48A,1,,10/1/2009
X09AW48A,2,,10/1/2009
X10AB81G,1,,11/16/2009
X10AK79G,8,,07/01/2010
X10AM22G,1,,07/01/2010
X11AF69G,1,,2/15/2011
X11AF69G,2,,2/15/2011
X11AR12A,8,,8/29/2011
X11AR12A,9,,8/29/2011
X12AJ54G,1,,07/01/2012
X12AJ54G,2,,07/01/2012
X12AJ54G,3,,07/01/2012
X12AO94G,8,,10/01/2012
X12AQ18G,3,,08/21/2012
X12AQ18G,4,,08/21/2012
X12AQ18G,5,,08/21/2012
X13AH73G,5,,3/1/2013
X13AH73G,9,,3/1/2013
X13AH92G,1,,3/4/2013
X14AF57A,3,,3/13/2014
X14AF57A,4,,3/14/2014
X14AF57A,5,,3/14/2014
X14AF57A,6,,3/14/2014
